county,state,postal,lat,lon,county_full,countytext,population_2010,countyfips,county_id,county_original_name,active,confirmed,deaths
Snohomish,Washington,WA,48.054913,-121.766412,Snohomish County,WA SNOHOMISH,713335,53061,61,Snohomish,True,175,3
Cook,Illinois,IL,41.894294,-87.645455,Cook County,IL COOK,5194675,17031,31,Cook,True,51,0
Orange,California,CA,33.675687,-117.777207,Orange County,CA ORANGE,3010232,6059,59,Orange,True,17,0
Los Angeles,California,CA,34.196398,-118.261862,Los Angeles County,CA LOS ANGELES,9818605,6037,37,Los Angeles,True,69,1
Maricopa,Arizona,AZ,33.346541,-112.495534,Maricopa County,AZ MARICOPA,3817117,4013,13,Maricopa,True,4,0
Santa Clara,California,CA,37.220777,-121.690622,Santa Clara County,CA SANTA CLARA,1781642,6085,85,Santa Clara,True,114,2
Suffolk,Massachusetts,MA,42.33196,-71.020173,Suffolk County,MA SUFFOLK,722023,25025,25,Suffolk,True,31,0
San Francisco,California,CA,37.765064,-122.443535,San Francisco County,CA SAN FRANCISCO,805235,6075,75,San Francisco,True,37,0
Dane,Wisconsin,WI,43.067468,-89.417852,Dane County,WI DANE,488073,55025,25,Dane,True,6,0
San Diego,California,CA,33.023604,-116.776117,San Diego County,CA SAN DIEGO,3095313,6073,73,San Diego,True,40,0
Bexar,Texas,TX,29.448671,-98.520147,Bexar County,TX BEXAR,1714773,48029,29,Bexar,True,12,0
Douglas,Nebraska,NE,41.297091,-96.154066,Douglas County,NE DOUGLAS,517110,31055,55,Douglas,True,32,0
Marin,California,CA,38.051817,-122.745974,Marin County,CA MARIN,252409,6041,41,Marin,True,4,0
Sonoma,California,CA,38.532574,-122.945194,Sonoma County,CA SONOMA,483878,6097,97,Sonoma,True,4,0
Sacramento,California,CA,38.450011,-121.340441,Sacramento County,CA SACRAMENTO,1418788,6067,67,Sacramento,True,32,1
Solano,California,CA,38.267226,-121.939594,Solano County,CA SOLANO,413344,6095,95,Solano,True,13,0
Napa,California,CA,38.507351,-122.325995,Napa County,CA NAPA,136484,6055,55,Napa,True,1,0
Humboldt,California,CA,40.706673,-123.925818,Humboldt County,CA HUMBOLDT,134623,6023,23,Humboldt,True,1,0
Spokane,Washington,WA,47.620379,-117.404392,Spokane County,WA SPOKANE,471221,53063,63,Spokane,True,7,0
Salt Lake,Utah,UT,40.667882,-111.924244,Salt Lake County,UT SALT LAKE,1029655,49035,35,Salt Lake,True,15,0
Washington,Oregon,OR,45.553542,-123.097615,Washington County,OR WASHINGTON,529710,41067,67,Washington,True,13,0
King,Washington,WA,47.493554,-121.832375,King County,WA KING,1931249,53033,33,King,True,421,37
Unknown,Rhode Island,RI,,,,,,,,Unknown,True,20,0
Alameda,California,CA,37.648081,-121.913304,Alameda County,CA ALAMEDA,1510271,6001,1,Alameda,True,37,0
New York,New York,NY,40.776557,-73.970174,New York County,NY NEW YORK,1585873,36061,61,New York,True,330,5
Manatee,Florida,FL,27.481386,-82.365783,Manatee County,FL MANATEE,322833,12081,81,Manatee,True,4,0
Hillsborough,Florida,FL,27.90659,-82.349568,Hillsborough County,FL HILLSBOROUGH,1229226,12057,57,Hillsborough,True,6,0
Walla Walla,Washington,WA,46.254606,-118.480374,Walla Walla County,WA WALLA WALLA,58781,53071,71,Walla Walla,True,1,0
Grafton,New Hampshire,NH,43.926488,-71.842264,Grafton County,NH GRAFTON,89118,33009,9,Grafton,True,3,0
Placer,California,CA,39.062032,-120.722718,Placer County,CA PLACER,348432,6061,61,Placer,True,8,1
Norfolk,Massachusetts,MA,42.169702,-71.179875,Norfolk County,MA NORFOLK,670850,25021,21,Norfolk,True,31,0
Fulton,Georgia,GA,33.790034,-84.468182,Fulton County,GA FULTON,920581,13121,121,Fulton,True,20,0
San Mateo,California,CA,37.414664,-122.371542,San Mateo County,CA SAN MATEO,718451,6081,81,San Mateo,True,32,0
Wake,North Carolina,NC,35.789846,-78.650624,Wake County,NC WAKE,900993,37183,183,Wake,True,14,0
Contra Costa,California,CA,37.919479,-121.951543,Contra Costa County,CA CONTRA COSTA,1049025,6013,13,Contra Costa,True,25,0
Westchester,New York,NY,41.15277,-73.745912,Westchester County,NY WESTCHESTER,949113,36119,119,Westchester,True,195,0
Fort Bend,Texas,TX,29.526602,-95.771015,Fort Bend County,TX FORT BEND,585375,48157,157,Fort Bend,True,9,0
Bergen,New Jersey,NJ,40.95909,-74.074522,Bergen County,NJ BERGEN,905116,34003,3,Bergen,True,32,1
Chelan,Washington,WA,47.859891,-120.618543,Chelan County,WA CHELAN,72453,53007,7,Chelan,True,1,1
Williamson,Tennessee,TN,35.894972,-86.896958,Williamson County,TN WILLIAMSON,183182,47187,187,Williamson,True,14,0
Santa Rosa,Florida,FL,30.703633,-87.014255,Santa Rosa County,FL SANTA ROSA,151372,12113,113,Santa Rosa,True,1,1
Nassau,New York,NY,40.729687,-73.589384,Nassau County,NY NASSAU,1339532,36059,59,Nassau,True,98,0
Harris,Texas,TX,29.857273,-95.393037,Harris County,TX HARRIS,4092459,48201,201,Harris,True,12,0
Jefferson,Colorado,CO,39.58646,-105.245601,Jefferson County,CO JEFFERSON,534543,8059,59,Jefferson,True,12,0
Montgomery,Maryland,MD,39.137381,-77.203063,Montgomery County,MD MONTGOMERY,971777,24031,31,Montgomery,True,12,0
Douglas,Colorado,CO,39.326435,-104.926199,Douglas County,CO DOUGLAS,285465,8035,35,Douglas,True,8,0
Middlesex,Massachusetts,MA,42.479477,-71.396507,Middlesex County,MA MIDDLESEX,1503085,25017,17,Middlesex,True,75,0
Clark,Nevada,NV,36.214236,-115.013819,Clark County,NV CLARK,1951269,32003,3,Clark,True,16,0
Washoe,Nevada,NV,40.703311,-119.710315,Washoe County,NV WASHOE,421407,32031,31,Washoe,True,9,0
Wayne,Pennsylvania,PA,41.646589,-75.292485,Wayne County,PA WAYNE,52822,42127,127,Wayne,True,1,0
Delaware,Pennsylvania,PA,39.91667,-75.398786,Delaware County,PA DELAWARE,558979,42045,45,Delaware,True,7,0
Polk,Georgia,GA,33.995961,-85.186826,Polk County,GA POLK,41475,13233,233,Polk,True,1,0
Chatham,North Carolina,NC,35.704994,-79.251454,Chatham County,NC CHATHAM,63505,37037,37,Chatham,True,1,0
Pinal,Arizona,AZ,32.91891,-111.367257,Pinal County,AZ PINAL,375770,4021,21,Pinal,True,5,0
Marion,Indiana,IN,39.782976,-86.135794,Marion County,IN MARION,903393,18097,97,Marion,True,6,0
Rockland,New York,NY,41.154785,-74.024772,Rockland County,NY ROCKLAND,311687,36087,87,Rockland,True,13,1
Yolo,California,CA,38.679268,-121.903178,Yolo County,CA YOLO,200849,6113,113,Yolo,True,2,0
Camden,New Jersey,NJ,39.802352,-74.961251,Camden County,NJ CAMDEN,513657,34007,7,Camden,True,2,0
Ramsey,Minnesota,MN,45.01525,-93.100141,Ramsey County,MN RAMSEY,508640,27123,123,Ramsey,True,8,0
Jefferson,Washington,WA,47.802641,-123.52181,Jefferson County,WA JEFFERSON,29872,53031,31,Jefferson,True,3,0
Fayette,Kentucky,KY,38.040157,-84.458443,Fayette County,KY FAYETTE,295803,21067,67,Fayette,True,5,0
Tulsa,Oklahoma,OK,36.12012,-95.941731,Tulsa County,OK TULSA,603403,40143,143,Tulsa,True,3,0
Denver,Colorado,CO,39.761849,-104.880625,Denver County,CO DENVER,600158,8031,31,Denver,True,25,0
Eagle,Colorado,CO,39.630638,-106.692944,Eagle County,CO EAGLE,52197,8037,37,Eagle,True,24,0
El Paso,Colorado,CO,38.827383,-104.527472,El Paso County,CO EL PASO,622263,8041,41,El Paso,True,4,1
Kershaw,South Carolina,SC,34.338356,-80.590885,Kershaw County,SC KERSHAW,61697,45055,55,Kershaw,True,14,0
Charleston,South Carolina,SC,32.800458,-79.94248,Charleston County,SC CHARLESTON,350209,45019,19,Charleston,True,1,0
Honolulu,Hawaii,HI,21.461364,-158.201976,Honolulu County,HI HONOLULU,953207,15003,3,Honolulu,True,4,0
Pierce,Washington,WA,47.040716,-122.144709,Pierce County,WA PIERCE,795225,53053,53,Pierce,True,29,0
Lee,Florida,FL,26.552134,-81.89225,Lee County,FL LEE,618754,12071,71,Lee,True,5,2
Broward,Florida,FL,26.19352,-80.476658,Broward County,FL BROWARD,1748066,12011,11,Broward,True,37,0
Davis,Utah,UT,41.037045,-112.202123,Davis County,UT DAVIS,306479,49011,11,Davis,True,3,0
Clark,Washington,WA,45.771674,-122.485903,Clark County,WA CLARK,425363,53011,11,Clark,True,5,0
Gwinnett,Georgia,GA,33.959101,-84.022938,Gwinnett County,GA GWINNETT,805321,13135,135,Gwinnett,True,4,0
Cobb,Georgia,GA,33.93994,-84.574166,Cobb County,GA COBB,688078,13067,67,Cobb,True,19,1
Madera,California,CA,37.210039,-119.749852,Madera County,CA MADERA,150865,6039,39,Madera,True,1,0
Jackson,Oregon,OR,42.411782,-122.675797,Jackson County,OR JACKSON,203206,41029,29,Jackson,True,2,0
Klamath,Oregon,OR,42.683761,-121.646168,Klamath County,OR KLAMATH,66380,41035,35,Klamath,True,1,0
Kittitas,Washington,WA,47.124444,-120.676714,Kittitas County,WA KITTITAS,40915,53037,37,Kittitas,True,3,0
Saratoga,New York,NY,43.106135,-73.855387,Saratoga County,NY SARATOGA,219607,36091,91,Saratoga,True,3,0
Berkshire,Massachusetts,MA,42.375314,-73.213948,Berkshire County,MA BERKSHIRE,131219,25003,3,Berkshire,True,9,0
Charlotte,Florida,FL,26.868826,-81.940858,Charlotte County,FL CHARLOTTE,159978,12015,15,Charlotte,True,1,0
Johnson,Kansas,KS,38.883907,-94.82233,Johnson County,KS JOHNSON,544179,20091,91,Johnson,True,6,0
Montgomery,Pennsylvania,PA,40.209999,-75.370201,Montgomery County,PA MONTGOMERY,799874,42091,91,Montgomery,True,24,0
District of Columbia,District of Columbia,DC,38.904149,-77.017094,District of Columbia,DC DISTRICT OF COLUMBIA,601723,11001,1,District of Columbia,True,17,0
Santa Cruz,California,CA,37.012488,-122.007205,Santa Cruz County,CA SANTA CRUZ,262382,6087,87,Santa Cruz,True,2,0
Fairfax,Virginia,VA,38.833742,-77.276117,Fairfax County,VA FAIRFAX,1081726,51059,59,Fairfax,True,10,0
Okaloosa,Florida,FL,30.665858,-86.594194,Okaloosa County,FL OKALOOSA,180822,12091,91,Okaloosa,True,1,0
Volusia,Florida,FL,29.057617,-81.161813,Volusia County,FL VOLUSIA,494593,12127,127,Volusia,True,5,0
St. Louis,Missouri,MO,38.640702,-90.445954,St. Louis County,MO ST. LOUIS,998954,29189,189,St. Louis,True,2,0
Fresno,California,CA,36.761006,-119.655019,Fresno County,CA FRESNO,930450,6019,19,Fresno,True,2,0
Bennington,Vermont,VT,43.035325,-73.11146,Bennington County,VT BENNINGTON,37125,50003,3,Bennington,True,2,0
Rockingham,New Hampshire,NH,42.98936,-71.099437,Rockingham County,NH ROCKINGHAM,295223,33015,15,Rockingham,True,9,0
Riverside,California,CA,33.729828,-116.002239,Riverside County,CA RIVERSIDE,2189641,6065,65,Riverside,True,12,0
Ulster,New York,NY,41.947232,-74.265447,Ulster County,NY ULSTER,182493,36111,111,Ulster,True,5,0
Suffolk,New York,NY,40.943554,-72.692218,Suffolk County,NY SUFFOLK,1493350,36103,103,Suffolk,True,47,0
Shelby,Tennessee,TN,35.183794,-89.895397,Shelby County,TN SHELBY,927644,47157,157,Shelby,True,2,0
Davidson,Tennessee,TN,36.169129,-86.78479,Davidson County,TN DAVIDSON,626681,47037,37,Davidson,True,17,0
Fairfield,Connecticut,CT,41.228103,-73.366757,Fairfield County,CT FAIRFIELD,916829,9001,1,Fairfield,True,16,0
Hendricks,Indiana,IN,39.768749,-86.510286,Hendricks County,IN HENDRICKS,145448,18063,63,Hendricks,True,2,0
Passaic,New Jersey,NJ,41.033763,-74.300307,Passaic County,NJ PASSAIC,501226,34031,31,Passaic,True,5,0
Douglas,Oregon,OR,43.285904,-123.15438,Douglas County,OR DOUGLAS,107667,41019,19,Douglas,True,1,0
Marion,Oregon,OR,44.900898,-122.57626,Marion County,OR MARION,315335,41047,47,Marion,True,2,0
Worcester,Massachusetts,MA,42.311693,-71.940282,Worcester County,MA WORCESTER,798552,25027,27,Worcester,True,6,0
Spartanburg,South Carolina,SC,34.933239,-81.991053,Spartanburg County,SC SPARTANBURG,284307,45083,83,Spartanburg,True,1,0
Harford,Maryland,MD,39.537429,-76.299789,Harford County,MD HARFORD,244826,24025,25,Harford,True,2,0
Kitsap,Washington,WA,47.639687,-122.649636,Kitsap County,WA KITSAP,251133,53035,35,Kitsap,True,5,0
Harrison,Kentucky,KY,38.443489,-84.332796,Harrison County,KY HARRISON,18846,21097,97,Harrison,True,6,0
Jefferson,Kentucky,KY,38.189533,-85.657624,Jefferson County,KY JEFFERSON,741096,21111,111,Jefferson,True,6,0
Johnson,Iowa,IA,41.668736,-91.588812,Johnson County,IA JOHNSON,130882,19103,103,Johnson,True,15,0
Carver,Minnesota,MN,44.821381,-93.800575,Carver County,MN CARVER,91042,27019,19,Carver,True,1,0
Cherokee,Georgia,GA,34.244317,-84.475057,Cherokee County,GA CHEROKEE,214346,13057,57,Cherokee,True,6,0
Larimer,Colorado,CO,40.663091,-105.482131,Larimer County,CO LARIMER,299630,8069,69,Larimer,True,1,0
Collin,Texas,TX,33.193885,-96.578153,Collin County,TX COLLIN,782341,48085,85,Collin,True,8,0
Jefferson,Louisiana,LA,29.5033,-90.036231,Jefferson Parish,LA JEFFERSON,432552,22051,51,Jefferson,True,14,0
Monmouth,New Jersey,NJ,40.287056,-74.152446,Monmouth County,NJ MONMOUTH,630380,34025,25,Monmouth,True,11,0
Union,New Jersey,NJ,40.659871,-74.308696,Union County,NJ UNION,536499,34039,39,Union,True,4,0
Hudson,New Jersey,NJ,40.731384,-74.078627,Hudson County,NJ HUDSON,634266,34017,17,Hudson,True,10,0
Cuyahoga,Ohio,OH,41.760392,-81.724217,Cuyahoga County,OH CUYAHOGA,1280122,39035,35,Cuyahoga,True,14,0
Monroe,Pennsylvania,PA,41.056233,-75.329037,Monroe County,PA MONROE,169842,42089,89,Monroe,True,6,0
Noble,Indiana,IN,41.400794,-85.41785,Noble County,IN NOBLE,47536,18113,113,Noble,True,1,0
Pottawattamie,Iowa,IA,41.340184,-95.544905,Pottawattamie County,IA POTTAWATTAMIE,93158,19155,155,Pottawattamie,True,1,0
Pierce,Wisconsin,WI,44.725336,-92.426279,Pierce County,WI PIERCE,41019,55093,93,Pierce,True,1,0
Pima,Arizona,AZ,32.128237,-111.783018,Pima County,AZ PIMA,980263,4019,19,Pima,True,3,0
Prince George's,Maryland,MD,38.82588,-76.847272,Prince George's County,MD PRINCE GEORGE'S,863420,24033,33,Prince George's,True,9,0
Shasta,California,CA,40.760521,-122.04355,Shasta County,CA SHASTA,177223,6089,89,Shasta,True,1,0
Fayette,Georgia,GA,33.412717,-84.493941,Fayette County,GA FAYETTE,106567,13113,113,Fayette,True,5,0
DeKalb,Georgia,GA,33.770661,-84.226343,DeKalb County,GA DEKALB,691893,13089,89,DeKalb,True,10,0
Virginia Beach city,Virginia,VA,36.779322,-76.02402,Virginia Beach city,VA VIRGINIA BEACH CITY,437994,51810,810,Virginia Beach city,True,4,0
Arapahoe,Colorado,CO,39.644632,-104.331733,Arapahoe County,CO ARAPAHOE,572003,8005,5,Arapahoe,True,15,0
Floyd,Georgia,GA,34.263677,-85.21373,Floyd County,GA FLOYD,96317,13115,115,Floyd,True,4,0
Weber,Utah,UT,41.270355,-111.875879,Weber County,UT WEBER,231236,49057,57,Weber,True,1,0
Adams,Indiana,IN,40.745733,-84.93613,Adams County,IN ADAMS,34387,18001,1,Adams,True,1,0
Boone,Indiana,IN,40.050892,-86.469014,Boone County,IN BOONE,56640,18011,11,Boone,True,1,0
Ventura,California,CA,34.358741,-119.133143,Ventura County,CA VENTURA,823318,6111,111,Ventura,True,5,0
Gunnison,Colorado,CO,38.669679,-107.078108,Gunnison County,CO GUNNISON,15324,8051,51,Gunnison,True,9,0
Burlington,New Jersey,NJ,39.875786,-74.663006,Burlington County,NJ BURLINGTON,448734,34005,5,Burlington,True,4,0
Loudoun,Virginia,VA,39.08113,-77.638857,Loudoun County,VA LOUDOUN,312311,51107,107,Loudoun,True,5,0
Sullivan,Tennessee,TN,36.510212,-82.299397,Sullivan County,TN SULLIVAN,156823,47163,163,Sullivan,True,1,0
Philadelphia,Pennsylvania,PA,40.009376,-75.133346,Philadelphia County,PA PHILADELPHIA,1526006,42101,101,Philadelphia,True,8,0
Anoka,Minnesota,MN,45.27411,-93.242723,Anoka County,MN ANOKA,330844,27003,3,Anoka,True,2,0
Multnomah,Oregon,OR,45.547693,-122.417173,Multnomah County,OR MULTNOMAH,735334,41051,51,Multnomah,True,1,1
Kane,Illinois,IL,41.939594,-88.42804,Kane County,IL KANE,515269,17089,89,Kane,True,3,0
McHenry,Illinois,IL,42.324298,-88.452245,McHenry County,IL MCHENRY,308760,17111,111,McHenry,True,2,0
Essex,Massachusetts,MA,42.642711,-70.865107,Essex County,MA ESSEX,743159,25009,9,Essex,True,6,0
Orleans,Louisiana,LA,30.068636,-89.939007,Orleans Parish,LA ORLEANS,343829,22071,71,Orleans,True,75,2
Pennington,South Dakota,SD,44.002349,-102.823801,Pennington County,SD PENNINGTON,100948,46103,103,Pennington,True,1,1
Beadle,South Dakota,SD,44.418265,-98.279422,Beadle County,SD BEADLE,17398,46005,5,Beadle,True,1,0
Charles Mix,South Dakota,SD,43.206185,-98.595143,Charles Mix County,SD CHARLES MIX,9129,46023,23,Charles Mix,True,1,0
Davison,South Dakota,SD,43.680439,-98.155868,Davison County,SD DAVISON,19504,46035,35,Davison,True,1,0
Minnehaha,South Dakota,SD,43.667472,-96.795726,Minnehaha County,SD MINNEHAHA,169468,46099,99,Minnehaha,True,3,0
Whatcom,Washington,WA,48.842653,-121.836432,Whatcom County,WA WHATCOM,201140,53073,73,Whatcom,True,3,0
Dallas,Texas,TX,32.766987,-96.778424,Dallas County,TX DALLAS,2368139,48113,113,Dallas,True,14,0
San Joaquin,California,CA,37.935034,-121.272237,San Joaquin County,CA SAN JOAQUIN,685306,6077,77,San Joaquin,True,8,0
Tarrant,Texas,TX,32.77204,-97.291291,Tarrant County,TX TARRANT,1809034,48439,439,Tarrant,True,4,0
Skagit,Washington,WA,48.493066,-121.816278,Skagit County,WA SKAGIT,116901,53057,57,Skagit,True,4,0
Nassau,Florida,FL,30.605926,-81.764929,Nassau County,FL NASSAU,73314,12089,89,Nassau,True,1,0
Alachua,Florida,FL,29.67574,-82.357221,Alachua County,FL ALACHUA,247336,12001,1,Alachua,True,4,0
Collier,Florida,FL,26.118713,-81.400884,Collier County,FL COLLIER,321520,12021,21,Collier,True,5,0
Pinellas,Florida,FL,27.903122,-82.739518,Pinellas County,FL PINELLAS,916542,12103,103,Pinellas,True,2,0
Pasco,Florida,FL,28.302024,-82.455707,Pasco County,FL PASCO,464697,12101,101,Pasco,True,2,0
Oakland,Michigan,MI,42.660452,-83.38421,Oakland County,MI OAKLAND,1202362,26125,125,Oakland,True,14,0
Wayne,Michigan,MI,42.284664,-83.261953,Wayne County,MI WAYNE,1820584,26163,163,Wayne,True,13,0
Charlton,Georgia,GA,30.779904,-82.139644,Charlton County,GA CHARLTON,12171,13049,49,Charlton,True,1,0
Bucks,Pennsylvania,PA,40.336887,-75.10706,Bucks County,PA BUCKS,625249,42017,17,Bucks,True,4,0
Montgomery,Texas,TX,30.302364,-95.503523,Montgomery County,TX MONTGOMERY,455746,48339,339,Montgomery,True,1,0
Howard,Indiana,IN,40.483537,-86.114118,Howard County,IN HOWARD,82752,18067,67,Howard,True,1,0
Johnson,Indiana,IN,39.495986,-86.0946,Johnson County,IN JOHNSON,139654,18081,81,Johnson,True,3,0
Arlington,Virginia,VA,38.878337,-77.100703,Arlington County,VA ARLINGTON,207627,51013,13,Arlington,True,8,0
Jefferson,Arkansas,AR,34.277695,-91.930701,Jefferson County,AR JEFFERSON,77435,5069,69,Jefferson,True,5,0
Middlesex,New Jersey,NJ,40.439593,-74.407585,Middlesex County,NJ MIDDLESEX,809858,34023,23,Middlesex,True,11,0
Socorro,New Mexico,NM,33.991614,-106.939003,Socorro County,NM SOCORRO,17866,35053,53,Socorro,True,2,0
Bernalillo,New Mexico,NM,35.054002,-106.669064,Bernalillo County,NM BERNALILLO,662564,35001,1,Bernalillo,True,10,0
Olmsted,Minnesota,MN,44.003429,-92.406722,Olmsted County,MN OLMSTED,144248,27109,109,Olmsted,True,2,0
Pitkin,Colorado,CO,39.217533,-106.915943,Pitkin County,CO PITKIN,17148,8097,97,Pitkin,True,11,0
Stark,Ohio,OH,40.814131,-81.365667,Stark County,OH STARK,375586,39151,151,Stark,True,3,0
Thurston,Washington,WA,46.932598,-122.829441,Thurston County,WA THURSTON,252264,53067,67,Thurston,True,4,0
St. Joseph,Indiana,IN,41.617699,-86.288159,St. Joseph County,IN ST. JOSEPH,266931,18141,141,St. Joseph,True,1,0
New Castle,Delaware,DE,39.575915,-75.644132,New Castle County,DE NEW CASTLE,538479,10003,3,New Castle,True,7,0
Lake,Illinois,IL,42.326444,-87.436118,Lake County,IL LAKE,703462,17097,97,Lake,True,3,0
Polk,Oregon,OR,44.904395,-123.397329,Polk County,OR POLK,75403,41053,53,Polk,True,1,0
Umatilla,Oregon,OR,45.5912,-118.73388,Umatilla County,OR UMATILLA,75889,41059,59,Umatilla,True,1,0
Deschutes,Oregon,OR,43.915118,-121.225575,Deschutes County,OR DESCHUTES,157733,41017,17,Deschutes,True,4,0
Lancaster,South Carolina,SC,34.686818,-80.703688,Lancaster County,SC LANCASTER,76652,45057,57,Lancaster,True,2,0
Bon Homme,South Dakota,SD,42.986031,-97.885613,Bon Homme County,SD BON HOMME,7070,46009,9,Bon Homme,True,1,0
Waukesha,Wisconsin,WI,43.019308,-88.306707,Waukesha County,WI WAUKESHA,389891,55133,133,Waukesha,True,3,0
Fond du Lac,Wisconsin,WI,43.754722,-88.493284,Fond du Lac County,WI FOND DU LAC,101633,55039,39,Fond du Lac,True,11,0
Caddo,Louisiana,LA,32.577195,-93.882423,Caddo Parish,LA CADDO,254969,22017,17,Caddo,True,2,0
Island,Washington,WA,48.158436,-122.670503,Island County,WA ISLAND,78506,53029,29,Island,True,6,0
Chittenden,Vermont,VT,44.460675,-73.070525,Chittenden County,VT CHITTENDEN,156545,50007,7,Chittenden,True,2,0
Stanislaus,California,CA,37.562384,-121.002656,Stanislaus County,CA STANISLAUS,514453,6099,99,Stanislaus,True,2,0
Baltimore,Maryland,MD,39.443167,-76.616569,Baltimore County,MD BALTIMORE,805029,24005,5,Baltimore,True,3,0
Lowndes,Georgia,GA,30.83368,-83.268967,Lowndes County,GA LOWNDES,109233,13185,185,Lowndes,True,2,0
Forrest,Mississippi,MS,31.18858,-89.259447,Forrest County,MS FORREST,74934,28035,35,Forrest,True,3,0
Santa Fe,New Mexico,NM,35.513722,-105.966441,Santa Fe County,NM SANTA FE,144170,35049,49,Santa Fe,True,3,0
Gregg,Texas,TX,32.486397,-94.816276,Gregg County,TX GREGG,121730,48183,183,Gregg,True,1,0
Lee,Georgia,GA,31.818419,-84.146681,Lee County,GA LEE,28298,13177,177,Lee,True,2,0
Bartow,Georgia,GA,34.240917,-84.838188,Bartow County,GA BARTOW,100157,13015,15,Bartow,True,9,0
St. Johns,Florida,FL,29.890593,-81.383914,St. Johns County,FL ST. JOHNS,190039,12109,109,St. Johns,True,2,0
Miami-Dade,Florida,FL,25.610494,-80.499045,Miami-Dade County,FL MIAMI-DADE,2496435,12086,86,Miami-Dade,True,13,0
Linn,Oregon,OR,44.494824,-122.543755,Linn County,OR LINN,116672,41043,43,Linn,True,10,0
Ward,North Dakota,ND,48.216686,-101.540537,Ward County,ND WARD,61675,38101,101,Ward,True,1,0
Sheridan,Wyoming,WY,44.781369,-106.881211,Sheridan County,WY SHERIDAN,29116,56033,33,Sheridan,True,2,0
Cabarrus,North Carolina,NC,35.387845,-80.552868,Cabarrus County,NC CABARRUS,178011,37025,25,Cabarrus,True,1,0
Forsyth,North Carolina,NC,36.131667,-80.257289,Forsyth County,NC FORSYTH,350670,37067,67,Forsyth,True,2,0
Johnston,North Carolina,NC,35.513405,-78.367267,Johnston County,NC JOHNSTON,168878,37101,101,Johnston,True,2,0
Northampton,Pennsylvania,PA,40.752791,-75.307447,Northampton County,PA NORTHAMPTON,297735,42095,95,Northampton,True,1,0
Monroe,New York,NY,43.464475,-77.664656,Monroe County,NY MONROE,744344,36055,55,Monroe,True,2,0
Albany,New York,NY,42.588271,-73.974014,Albany County,NY ALBANY,304204,36001,1,Albany,True,11,0
Mecklenburg,North Carolina,NC,35.246862,-80.833832,Mecklenburg County,NC MECKLENBURG,919628,37119,119,Mecklenburg,True,4,0
Fredericksburg city,Virginia,VA,38.299272,-77.486658,Fredericksburg city,VA FREDERICKSBURG CITY,24286,51630,630,Fredericksburg city,True,1,0
Prince William,Virginia,VA,38.702332,-77.478887,Prince William County,VA PRINCE WILLIAM,402002,51153,153,Prince William,True,3,0
Prince Edward,Virginia,VA,37.224881,-78.432957,Prince Edward County,VA PRINCE EDWARD,23368,51147,147,Prince Edward,True,1,0
Hanover,Virginia,VA,37.760165,-77.490992,Hanover County,VA HANOVER,99863,51085,85,Hanover,True,1,0
Alexandria city,Virginia,VA,38.818343,-77.082026,Alexandria city,VA ALEXANDRIA CITY,139966,51510,510,Alexandria city,True,1,0
Androscoggin,Maine,ME,44.167681,-70.207435,Androscoggin County,ME ANDROSCOGGIN,107702,23001,1,Androscoggin,True,1,0
Yakima,Washington,WA,46.456558,-120.740145,Yakima County,WA YAKIMA,243231,53077,77,Yakima,True,4,0
Dakota,Minnesota,MN,44.670893,-93.062481,Dakota County,MN DAKOTA,398552,27037,37,Dakota,True,3,0
Hennepin,Minnesota,MN,45.006064,-93.475185,Hennepin County,MN HENNEPIN,1152425,27053,53,Hennepin,True,12,0
Stearns,Minnesota,MN,45.555235,-94.610482,Stearns County,MN STEARNS,150642,27145,145,Stearns,True,3,0
Seminole,Florida,FL,28.690079,-81.13198,Seminole County,FL SEMINOLE,422718,12117,117,Seminole,True,1,0
Columbia,Washington,WA,46.29285,-117.911634,Columbia County,WA COLUMBIA,4078,53013,13,Columbia,True,1,0
Pike,Pennsylvania,PA,41.325949,-75.031514,Pike County,PA PIKE,57369,42103,103,Pike,True,1,0
Trumbull,Ohio,OH,41.308936,-80.767656,Trumbull County,OH TRUMBULL,210312,39155,155,Trumbull,True,2,0
Delaware,New York,NY,42.193986,-74.966728,Delaware County,NY DELAWARE,47980,36025,25,Delaware,True,1,0
Dutchess,New York,NY,41.755008,-73.739951,Dutchess County,NY DUTCHESS,297488,36027,27,Dutchess,True,7,0
Herkimer,New York,NY,43.461635,-74.894694,Herkimer County,NY HERKIMER,64519,36043,43,Herkimer,True,1,0
Orange,New York,NY,41.40241,-74.306252,Orange County,NY ORANGE,372813,36071,71,Orange,True,6,0
James City,Virginia,VA,37.324427,-76.778319,James City County,VA JAMES CITY,67009,51095,95,James City,True,8,1
Essex,New Jersey,NJ,40.787216,-74.246136,Essex County,NJ ESSEX,783969,34013,13,Essex,True,11,0
Morris,New Jersey,NJ,40.858581,-74.547427,Morris County,NJ MORRIS,492276,34027,27,Morris,True,4,0
Somerset,New Jersey,NJ,40.565522,-74.61993,Somerset County,NJ SOMERSET,323444,34035,35,Somerset,True,1,0
Adams,Colorado,CO,39.874325,-104.331872,Adams County,CO ADAMS,441603,8001,1,Adams,True,6,0
Litchfield,Connecticut,CT,41.791897,-73.235428,Litchfield County,CT LITCHFIELD,189927,9005,5,Litchfield,True,6,0
Unknown,Arkansas,AR,,,,,,,,Unknown,True,7,0
Carroll,Iowa,IA,42.039492,-94.867647,Carroll County,IA CARROLL,20816,19027,27,Carroll,True,1,0
Clackamas,Oregon,OR,45.160493,-122.195127,Clackamas County,OR CLACKAMAS,375992,41005,5,Clackamas,True,1,0
Greene,Missouri,MO,37.258196,-93.340641,Greene County,MO GREENE,275174,29077,77,Greene,True,2,0
Montgomery,Kentucky,KY,38.038138,-83.912337,Montgomery County,KY MONTGOMERY,26499,21173,173,Montgomery,True,1,0
Wyandotte,Kansas,KS,39.115384,-94.763087,Wyandotte County,KS WYANDOTTE,157505,20209,209,Wyandotte,True,1,1
Tulare,California,CA,36.230453,-118.780542,Tulare County,CA TULARE,442179,6107,107,Tulare,True,3,0
Grays Harbor,Washington,WA,47.142786,-123.827043,Grays Harbor County,WA GRAYS HARBOR,72797,53027,27,Grays Harbor,True,1,0
Ingham,Michigan,MI,42.603534,-84.373811,Ingham County,MI INGHAM,280895,26065,65,Ingham,True,1,0
Kent,Michigan,MI,43.032497,-85.547446,Kent County,MI KENT,602622,26081,81,Kent,True,5,0
Montcalm,Michigan,MI,43.312782,-85.149468,Montcalm County,MI MONTCALM,63342,26117,117,Montcalm,True,1,0
St. Clair,Michigan,MI,42.928803,-82.668913,St. Clair County,MI ST. CLAIR,163040,26147,147,St. Clair,True,2,0
Washtenaw,Michigan,MI,42.252327,-83.844634,Washtenaw County,MI WASHTENAW,344791,26161,161,Washtenaw,True,7,0
Knox,Tennessee,TN,35.992726,-83.937721,Knox County,TN KNOX,432226,47093,93,Knox,True,1,0
Anchorage,Alaska,AK,61.177549,-149.274354,Anchorage Municipality,AK ANCHORAGE MUNICIPALITY,291826,2020,20,Anchorage Municipality,True,1,0
Palm Beach,Florida,FL,26.645763,-80.448673,Palm Beach County,FL PALM BEACH,1320134,12099,99,Palm Beach,True,5,0
Sarasota,Florida,FL,27.184386,-82.365835,Sarasota County,FL SARASOTA,379448,12115,115,Sarasota,True,2,0
Duval,Florida,FL,30.335245,-81.648113,Duval County,FL DUVAL,864263,12031,31,Duval,True,4,0
Clay,Florida,FL,29.987115,-81.858147,Clay County,FL CLAY,190865,12019,19,Clay,True,3,0
Cass,Nebraska,NE,40.909878,-96.140609,Cass County,NE CASS,25241,31025,25,Cass,True,1,0
Travis,Texas,TX,30.239513,-97.69127,Travis County,TX TRAVIS,1024266,48453,453,Travis,True,6,0
Bell,Texas,TX,31.04211,-97.481921,Bell County,TX BELL,310235,48027,27,Bell,True,1,0
St. Charles,Louisiana,LA,29.913833,-90.359314,St. Charles Parish,LA ST. CHARLES,52780,22089,89,St. Charles,True,2,0
St. Tammany,Louisiana,LA,30.410022,-89.951962,St. Tammany Parish,LA ST. TAMMANY,233740,22103,103,St. Tammany,True,4,0
Terrebonne,Louisiana,LA,29.333266,-90.844191,Terrebonne Parish,LA TERREBONNE,111860,22109,109,Terrebonne,True,2,0
Cumberland,Maine,ME,43.808348,-70.330375,Cumberland County,ME CUMBERLAND,281674,23005,5,Cumberland,True,6,0
Butler,Kansas,KS,37.773681,-96.838762,Butler County,KS BUTLER,65880,20015,15,Butler,True,1,0
Montgomery,Alabama,AL,32.20365,-86.203831,Montgomery County,AL MONTGOMERY,229363,1101,101,Montgomery,True,1,0
Harrisonburg city,Virginia,VA,38.436013,-78.874197,Harrisonburg city,VA HARRISONBURG CITY,48914,51660,660,Harrisonburg city,True,1,0
Charles,Maryland,MD,38.472853,-77.015427,Charles County,MD CHARLES,146551,24017,17,Charles,True,1,0
Anne Arundel,Maryland,MD,38.993374,-76.560511,Anne Arundel County,MD ANNE ARUNDEL,537656,24003,3,Anne Arundel,True,2,0
Gordon,Georgia,GA,34.509667,-84.873862,Gordon County,GA GORDON,55186,13129,129,Gordon,True,2,0
Henry,Georgia,GA,33.452881,-84.15444,Henry County,GA HENRY,203922,13151,151,Henry,True,1,0
McCook,South Dakota,SD,43.678924,-97.362036,McCook County,SD MCCOOK,5618,46087,87,McCook,True,1,0
Galveston,Texas,TX,29.228706,-94.894865,Galveston County,TX GALVESTON,291309,48167,167,Galveston,True,1,0
Pueblo,Colorado,CO,38.170658,-104.489892,Pueblo County,CO PUEBLO,159063,8101,101,Pueblo,True,1,0
Summit,Colorado,CO,39.621023,-106.137555,Summit County,CO SUMMIT,27994,8117,117,Summit,True,2,0
Weld,Colorado,CO,40.555794,-104.383649,Weld County,CO WELD,252825,8123,123,Weld,True,5,0
Routt,Colorado,CO,40.48316,-106.985288,Routt County,CO ROUTT,23509,8107,107,Routt,True,1,0
Unknown,Colorado,CO,,,,,,,,Unknown,True,2,0
Schenectady,New York,NY,42.817542,-74.043583,Schenectady County,NY SCHENECTADY,154727,36093,93,Schenectady,True,2,0
Wright,Minnesota,MN,45.175091,-93.966396,Wright County,MN WRIGHT,124700,27171,171,Wright,True,1,0
Ocean,New Jersey,NJ,39.86585,-74.263027,Ocean County,NJ OCEAN,576567,34029,29,Ocean,True,2,0
Jefferson,Tennessee,TN,36.048479,-83.440966,Jefferson County,TN JEFFERSON,51407,47089,89,Jefferson,True,1,0
Rutherford,Tennessee,TN,35.843369,-86.417213,Rutherford County,TN RUTHERFORD,262604,47149,149,Rutherford,True,1,0
Hamilton,Tennessee,TN,35.159186,-85.202296,Hamilton County,TN HAMILTON,336463,47065,65,Hamilton,True,1,0
Unknown,Michigan,MI,,,,,,,,Unknown,True,1,0
Chester,Pennsylvania,PA,39.973965,-75.749732,Chester County,PA CHESTER,498886,42029,29,Chester,True,4,0
Carson City,Nevada,NV,39.153447,-119.743442,Carson City,NV CARSON CITY,55274,32510,510,Carson City,True,1,0
Cumberland,Pennsylvania,PA,40.164782,-77.26344,Cumberland County,PA CUMBERLAND,235406,42041,41,Cumberland,True,5,0
Washington,Pennsylvania,PA,40.200005,-80.252132,Washington County,PA WASHINGTON,207820,42125,125,Washington,True,1,0
Wayne,North Carolina,NC,35.362741,-78.004826,Wayne County,NC WAYNE,122623,37191,191,Wayne,True,1,0
Leflore,Mississippi,MS,33.54979,-90.294934,Leflore County,MS LEFLORE,32317,28083,83,Leflore,True,1,0
Ada,Idaho,ID,43.447861,-116.244456,Ada County,ID ADA,392365,16001,1,Ada,True,2,0
Henry,Missouri,MO,38.386491,-93.792628,Henry County,MO HENRY,22272,29083,83,Henry,True,1,0
Harrison,Iowa,IA,41.688584,-95.827149,Harrison County,IA HARRISON,14928,19085,85,Harrison,True,1,0
Jefferson,Alabama,AL,33.553444,-86.896536,Jefferson County,AL JEFFERSON,658466,1073,73,Jefferson,True,12,0
Elmore,Alabama,AL,32.597229,-86.142738,Elmore County,AL ELMORE,79303,1051,51,Elmore,True,1,0
Limestone,Alabama,AL,34.810239,-86.981399,Limestone County,AL LIMESTONE,82782,1083,83,Limestone,True,1,0
Tuscaloosa,Alabama,AL,33.290202,-87.52286,Tuscaloosa County,AL TUSCALOOSA,194656,1125,125,Tuscaloosa,True,3,0
Bay,Michigan,MI,43.699711,-83.978701,Bay County,MI BAY,107771,26017,17,Bay,True,1,0
Charlevoix,Michigan,MI,45.513164,-85.450392,Charlevoix County,MI CHARLEVOIX,25949,26029,29,Charlevoix,True,1,0
Macomb,Michigan,MI,42.671467,-82.910869,Macomb County,MI MACOMB,840978,26099,99,Macomb,True,5,0
Unknown,Puerto Rico,PR,,,,,,,,Unknown,True,5,0
Gallatin,Montana,MT,45.535559,-111.173443,Gallatin County,MT GALLATIN,89513,30031,31,Gallatin,True,1,0
Yellowstone,Montana,MT,45.936987,-108.276656,Yellowstone County,MT YELLOWSTONE,147972,30111,111,Yellowstone,True,1,0
Silver Bow,Montana,MT,45.895959,-112.660222,Silver Bow County,MT SILVER BOW,34200,30093,93,Silver Bow,True,1,0
Lewis and Clark,Montana,MT,47.122133,-112.382954,Lewis and Clark County,MT LEWIS AND CLARK,63395,30049,49,Lewis and Clark,True,1,0
Oklahoma,Oklahoma,OK,35.554611,-97.409401,Oklahoma County,OK OKLAHOMA,718633,40109,109,Oklahoma,True,1,0
Fremont,Wyoming,WY,43.055303,-108.605531,Fremont County,WY FREMONT,40123,56013,13,Fremont,True,1,0
Orange,Florida,FL,28.514435,-81.323295,Orange County,FL ORANGE,1145956,12095,95,Orange,True,3,1
Osceola,Florida,FL,28.059027,-81.139312,Osceola County,FL OSCEOLA,268685,12097,97,Osceola,True,1,0
LaPorte,Indiana,IN,41.549011,-86.744729,LaPorte County,IN LAPORTE,111467,18091,91,LaPorte,True,1,0
Wells,Indiana,IN,40.735273,-85.212974,Wells County,IN WELLS,27636,18179,179,Wells,True,1,0
Broome,New York,NY,42.161977,-75.830291,Broome County,NY BROOME,200600,36007,7,Broome,True,1,0
Tioga,New York,NY,42.178057,-76.29745,Tioga County,NY TIOGA,51125,36107,107,Tioga,True,1,0
Tompkins,New York,NY,42.453281,-76.473712,Tompkins County,NY TOMPKINS,101564,36109,109,Tompkins,True,1,0
Milwaukee,Wisconsin,WI,43.017655,-87.481575,Milwaukee County,WI MILWAUKEE,947735,55079,79,Milwaukee,True,7,0
Racine,Wisconsin,WI,42.754075,-87.414676,Racine County,WI RACINE,195408,55101,101,Racine,True,1,0
Sheboygan,Wisconsin,WI,43.746002,-87.730546,Sheboygan County,WI SHEBOYGAN,115507,55117,117,Sheboygan,True,3,0
Bossier,Louisiana,LA,32.696202,-93.617977,Bossier Parish,LA BOSSIER,116979,22015,15,Bossier,True,1,0
St. John the Baptist,Louisiana,LA,30.117471,-90.504677,St. John the Baptist Parish,LA ST. JOHN THE BAPTIST,45924,22095,95,St. John the Baptist,True,1,0
Carroll,Maryland,MD,39.563189,-77.015512,Carroll County,MD CARROLL,167134,24013,13,Carroll,True,1,0
Summit,Utah,UT,40.87206,-110.968486,Summit County,UT SUMMIT,36324,49043,43,Summit,True,8,0
Unknown,Alabama,AL,,,,,,,,Unknown,True,1,0
Coweta,Georgia,GA,33.352897,-84.762138,Coweta County,GA COWETA,127317,13077,77,Coweta,True,2,0
Nelson,Kentucky,KY,37.803188,-85.465955,Nelson County,KY NELSON,43437,21179,179,Nelson,True,1,0
Windsor,Vermont,VT,43.588143,-72.591514,Windsor County,VT WINDSOR,56670,50027,27,Windsor,True,3,0
Washington,Vermont,VT,44.274953,-72.609475,Washington County,VT WASHINGTON,59534,50023,23,Washington,True,1,0
Pearl River,Mississippi,MS,30.773791,-89.586831,Pearl River County,MS PEARL RIVER,55834,28109,109,Pearl River,True,2,0
Copiah,Mississippi,MS,31.866915,-90.448758,Copiah County,MS COPIAH,29449,28029,29,Copiah,True,2,0
Lafourche,Louisiana,LA,29.491992,-90.394849,Lafourche Parish,LA LAFOURCHE,96318,22057,57,Lafourche,True,1,0
Mercer,New Jersey,NJ,40.282503,-74.703724,Mercer County,NJ MERCER,366513,34021,21,Mercer,True,1,0
Brunswick,North Carolina,NC,34.038708,-78.227688,Brunswick County,NC BRUNSWICK,107431,37019,19,Brunswick,True,1,0
Harnett,North Carolina,NC,35.368635,-78.87161,Harnett County,NC HARNETT,114678,37085,85,Harnett,True,2,0
Craven,North Carolina,NC,35.118179,-77.082541,Craven County,NC CRAVEN,103505,37049,49,Craven,True,1,0
Onslow,North Carolina,NC,34.76346,-77.503297,Onslow County,NC ONSLOW,177772,37133,133,Onslow,True,1,0
Belmont,Ohio,OH,40.017682,-80.967727,Belmont County,OH BELMONT,70400,39013,13,Belmont,True,2,0
Butler,Ohio,OH,39.439915,-84.565397,Butler County,OH BUTLER,368130,39017,17,Butler,True,6,0
Franklin,Ohio,OH,39.969447,-83.008258,Franklin County,OH FRANKLIN,1163414,39049,49,Franklin,True,3,0
Lorain,Ohio,OH,41.438805,-82.179722,Lorain County,OH LORAIN,301356,39093,93,Lorain,True,2,0
Tuscarawas,Ohio,OH,40.447441,-81.471157,Tuscarawas County,OH TUSCARAWAS,92582,39157,157,Tuscarawas,True,1,0
Summit,Ohio,OH,41.121851,-81.534936,Summit County,OH SUMMIT,541781,39153,153,Summit,True,2,0
Franklin,Kansas,KS,38.558019,-95.278962,Franklin County,KS FRANKLIN,25992,20059,59,Franklin,True,1,0
Allegheny,Pennsylvania,PA,40.46892,-79.98092,Allegheny County,PA ALLEGHENY,1223348,42003,3,Allegheny,True,4,0
Brazoria,Texas,TX,29.167817,-95.434647,Brazoria County,TX BRAZORIA,313166,48039,39,Brazoria,True,2,0
Renville,Minnesota,MN,44.723697,-94.955617,Renville County,MN RENVILLE,15730,27129,129,Renville,True,1,0
Campbell,Tennessee,TN,36.401592,-84.159249,Campbell County,TN CAMPBELL,40716,47013,13,Campbell,True,1,0
Mesa,Colorado,CO,39.019492,-108.461837,Mesa County,CO MESA,146723,8077,77,Mesa,True,1,0
Grant,Washington,WA,47.213633,-119.467788,Grant County,WA GRANT,89120,53025,25,Grant,True,1,1
Unknown,Idaho,ID,,,,,,,,Unknown,True,2,0
DuPage,Illinois,IL,41.852058,-88.086038,DuPage County,IL DUPAGE,916924,17043,43,DuPage,True,1,0
Cumberland,Illinois,IL,39.273121,-88.240619,Cumberland County,IL CUMBERLAND,11048,17035,35,Cumberland,True,1,0
Woodford,Illinois,IL,40.789596,-89.210301,Woodford County,IL WOODFORD,38664,17203,203,Woodford,True,1,0
St. Clair,Illinois,IL,38.470198,-89.928546,St. Clair County,IL ST. CLAIR,270056,17163,163,St. Clair,True,2,0
Beaufort,South Carolina,SC,32.358147,-80.68932,Beaufort County,SC BEAUFORT,162233,45013,13,Beaufort,True,3,0
Lexington,South Carolina,SC,33.892554,-81.272853,Lexington County,SC LEXINGTON,262391,45063,63,Lexington,True,1,0
Jackson,Oklahoma,OK,34.593949,-99.41221,Jackson County,OK JACKSON,26446,40065,65,Jackson,True,1,0
Graham,Arizona,AZ,32.931828,-109.87831,Graham County,AZ GRAHAM,37220,4009,9,Graham,True,1,0
Hartford,Connecticut,CT,41.806053,-72.732916,Hartford County,CT HARTFORD,894014,9003,3,Hartford,True,1,0
New Haven,Connecticut,CT,41.349717,-72.900204,New Haven County,CT NEW HAVEN,862477,9009,9,New Haven,True,3,0
Sandoval,New Mexico,NM,35.685073,-106.882618,Sandoval County,NM SANDOVAL,131561,35043,43,Sandoval,True,2,0
Spotsylvania,Virginia,VA,38.182311,-77.65628,Spotsylvania County,VA SPOTSYLVANIA,122397,51177,177,Spotsylvania,True,1,0
Chesterfield,Virginia,VA,37.378434,-77.585847,Chesterfield County,VA CHESTERFIELD,316236,51041,41,Chesterfield,True,1,0
Winnebago,Wisconsin,WI,44.085707,-88.668149,Winnebago County,WI WINNEBAGO,166994,55139,139,Winnebago,True,1,0
Bourbon,Kentucky,KY,38.202562,-84.20986,Bourbon County,KY BOURBON,19985,21017,17,Bourbon,True,1,1
Boulder,Colorado,CO,40.094826,-105.398382,Boulder County,CO BOULDER,294567,8013,13,Boulder,True,7,0
Sangamon,Illinois,IL,39.756378,-89.662311,Sangamon County,IL SANGAMON,197465,17167,167,Sangamon,True,2,0
Dallas,Iowa,IA,41.685321,-94.040707,Dallas County,IA DALLAS,66135,19049,49,Dallas,True,1,0
Missoula,Montana,MT,47.027263,-113.892681,Missoula County,MT MISSOULA,109299,30063,63,Missoula,True,2,0
Monroe,Michigan,MI,41.916097,-83.487106,Monroe County,MI MONROE,152021,26115,115,Monroe,True,1,0
Baker,Florida,FL,30.324442,-82.302284,Baker County,FL BAKER,27115,12003,3,Baker,True,1,0
Citrus,Florida,FL,28.843628,-82.524796,Citrus County,FL CITRUS,141236,12017,17,Citrus,True,1,0
El Paso,Texas,TX,31.766403,-106.24139,El Paso County,TX EL PASO,800647,48141,141,El Paso,True,2,0
Hays,Texas,TX,30.061225,-98.029267,Hays County,TX HAYS,157107,48209,209,Hays,True,1,0
Smith,Texas,TX,32.377093,-95.26963,Smith County,TX SMITH,209714,48423,423,Smith,True,4,0
Kauai,Hawaii,HI,22.012038,-159.705965,Kauai County,HI KAUAI,67091,15007,7,Kauai,True,2,0
Baldwin,Alabama,AL,30.659218,-87.746067,Baldwin County,AL BALDWIN,182265,1003,3,Baldwin,True,1,0
Baltimore city,Maryland,MD,39.300213,-76.610516,Baltimore city,MD BALTIMORE CITY,620961,24510,510,Baltimore city,True,1,0
Saline,Arkansas,AR,34.648525,-92.674463,Saline County,AR SALINE,107118,5125,125,Saline,True,1,0
Pulaski,Arkansas,AR,34.773988,-92.316515,Pulaski County,AR PULASKI,382748,5119,119,Pulaski,True,1,0
Hamilton,Indiana,IN,40.04987,-86.020586,Hamilton County,IN HAMILTON,274569,18057,57,Hamilton,True,1,0
Unknown,Guam,GU,,,,,,,,Unknown,True,3,0
Teton,Idaho,ID,43.760994,-111.211765,Teton County,ID TETON,10170,16081,81,Teton,True,1,0
St. Bernard,Louisiana,LA,29.91811,-89.263494,St. Bernard Parish,LA ST. BERNARD,35897,22087,87,St. Bernard,True,1,0
Barnstable,Massachusetts,MA,41.798819,-70.211083,Barnstable County,MA BARNSTABLE,215888,25001,1,Barnstable,True,1,0
Bristol,Massachusetts,MA,41.748576,-71.087062,Bristol County,MA BRISTOL,548285,25005,5,Bristol,True,1,0
Lucas,Ohio,OH,41.682321,-83.468867,Lucas County,OH LUCAS,441815,39095,95,Lucas,True,1,0
Dougherty,Georgia,GA,31.535068,-84.214444,Dougherty County,GA DOUGHERTY,94565,13095,95,Dougherty,True,6,0
Clayton,Georgia,GA,33.552242,-84.412977,Clayton County,GA CLAYTON,259424,13063,63,Clayton,True,2,0
Clarke,Georgia,GA,33.952234,-83.36713,Clarke County,GA CLARKE,116714,13059,59,Clarke,True,2,0
Newton,Georgia,GA,33.544045,-83.855189,Newton County,GA NEWTON,99958,13217,217,Newton,True,1,0
Unknown,Virgin Islands,VI,,,,,,,,Unknown,True,1,0
Lehigh,Pennsylvania,PA,40.614241,-75.590627,Lehigh County,PA LEHIGH,349497,42077,77,Lehigh,True,1,0
Luzerne,Pennsylvania,PA,41.172787,-75.976035,Luzerne County,PA LUZERNE,320918,42079,79,Luzerne,True,1,0
Cleveland,Oklahoma,OK,35.203117,-97.328332,Cleveland County,OK CLEVELAND,255755,40027,27,Cleveland,True,1,0
Payne,Oklahoma,OK,36.079225,-96.975255,Payne County,OK PAYNE,77350,40119,119,Payne,True,1,0
Erie,New York,NY,42.752759,-78.778192,Erie County,NY ERIE,919040,36029,29,Erie,True,3,0
Medina,Ohio,OH,41.116051,-81.899566,Medina County,OH MEDINA,172332,39103,103,Medina,True,1,0
Watauga,North Carolina,NC,36.235371,-81.709919,Watauga County,NC WATAUGA,51079,37189,189,Watauga,True,1,0
Garland,Arkansas,AR,34.578861,-93.146915,Garland County,AR GARLAND,96024,5051,51,Garland,True,2,0
Washington,Minnesota,MN,45.037929,-92.890117,Washington County,MN WASHINGTON,238136,27163,163,Washington,True,1,0
Waseca,Minnesota,MN,44.01846,-93.589844,Waseca County,MN WASECA,19136,27161,161,Waseca,True,1,0
Wilson,North Carolina,NC,35.704125,-77.918982,Wilson County,NC WILSON,81234,37195,195,Wilson,True,1,0
Utah,Utah,UT,40.120409,-111.668667,Utah County,UT UTAH,516564,49049,49,Utah,True,1,0
San Luis Obispo,California,CA,35.385227,-120.44754,San Luis Obispo County,CA SAN LUIS OBISPO,269637,6079,79,San Luis Obispo,True,2,0
Garfield,Colorado,CO,39.599352,-107.90978,Garfield County,CO GARFIELD,56389,8045,45,Garfield,True,1,0
Champaign,Illinois,IL,40.13915,-88.197201,Champaign County,IL CHAMPAIGN,201081,17019,19,Champaign,True,1,0
Clinton,Illinois,IL,38.606423,-89.423136,Clinton County,IL CLINTON,37762,17027,27,Clinton,True,1,0
Whiteside,Illinois,IL,41.750571,-89.910957,Whiteside County,IL WHITESIDE,58498,17195,195,Whiteside,True,1,0
Winnebago,Illinois,IL,42.337396,-89.161205,Winnebago County,IL WINNEBAGO,295266,17201,201,Winnebago,True,1,0
Unknown,Illinois,IL,,,,,,,,Unknown,True,25,0
Clear Creek,Colorado,CO,39.689403,-105.670791,Clear Creek County,CO CLEAR CREEK,9088,8019,19,Clear Creek,True,1,0
Horry,South Carolina,SC,33.909269,-78.976675,Horry County,SC HORRY,269291,45051,51,Horry,True,3,0
Anderson,South Carolina,SC,34.519549,-82.638086,Anderson County,SC ANDERSON,187126,45007,7,Anderson,True,2,0
Greenville,South Carolina,SC,34.892645,-82.372077,Greenville County,SC GREENVILLE,451225,45045,45,Greenville,True,1,0
Clark,Kentucky,KY,37.970133,-84.144974,Clark County,KY CLARK,35613,21049,49,Clark,True,1,0
Lincoln,Maine,ME,43.994264,-69.514029,Lincoln County,ME LINCOLN,34457,23015,15,Lincoln,True,1,0
Hillsborough,New Hampshire,NH,42.911643,-71.723101,Hillsborough County,NH HILLSBOROUGH,400721,33011,11,Hillsborough,True,1,0
Ottawa,Michigan,MI,42.942346,-86.655342,Ottawa County,MI OTTAWA,263801,26139,139,Ottawa,True,1,0
Denton,Texas,TX,33.205005,-97.119046,Denton County,TX DENTON,662614,48121,121,Denton,True,1,0
Montgomery,New York,NY,42.900891,-74.435357,Montgomery County,NY MONTGOMERY,50219,36057,57,Montgomery,True,1,0
Greene,New York,NY,42.286951,-74.149495,Greene County,NY GREENE,49221,36039,39,Greene,True,2,0
Howard,Maryland,MD,39.252264,-76.924406,Howard County,MD HOWARD,287085,24027,27,Howard,True,1,0
Putnam,New York,NY,41.427904,-73.743882,Putnam County,NY PUTNAM,99710,36079,79,Putnam,True,2,0
Yamhill,Oregon,OR,45.248138,-123.316117,Yamhill County,OR YAMHILL,99193,41071,71,Yamhill,True,1,0
Lewis,Washington,WA,46.580071,-122.377444,Lewis County,WA LEWIS,75455,53041,41,Lewis,True,1,0
Lincoln,Washington,WA,47.582718,-118.417667,Lincoln County,WA LINCOLN,10570,53043,43,Lincoln,True,1,0
Maui,Hawaii,HI,20.855931,-156.60155,Maui County,HI MAUI,154834,15009,9,Maui,True,1,0
Lee,Alabama,AL,32.604064,-85.353048,Lee County,AL LEE,140247,1081,81,Lee,True,1,0
Shelby,Alabama,AL,33.262937,-86.678104,Shelby County,AL SHELBY,195085,1117,117,Shelby,True,2,0
Unknown,Maine,ME,,,,,,,,Unknown,True,4,0
Allamakee,Iowa,IA,43.274964,-91.382751,Allamakee County,IA ALLAMAKEE,14330,19005,5,Allamakee,True,2,0
Polk,Iowa,IA,41.684281,-93.56972,Polk County,IA POLK,430640,19153,153,Polk,True,1,0
Kay,Oklahoma,OK,36.814842,-97.143755,Kay County,OK KAY,46562,40071,71,Kay,True,1,0
Hinds,Mississippi,MS,32.267923,-90.4659,Hinds County,MS HINDS,245285,28049,49,Hinds,True,2,0
Hampden,Massachusetts,MA,42.136198,-72.635648,Hampden County,MA HAMPDEN,463490,25013,13,Hampden,True,1,0
Plymouth,Massachusetts,MA,41.987196,-70.741942,Plymouth County,MA PLYMOUTH,494919,25023,23,Plymouth,True,1,0
Unknown,Massachusetts,MA,,,,,,,,Unknown,True,2,0
San Bernardino,California,CA,34.85722,-116.181197,San Bernardino County,CA SAN BERNARDINO,2035210,6071,71,San Bernardino,True,1,0
